Deborah killed someone last night.	ARG0
Alice killed someone last night.	ARG0
Lauren killed someone last night.	ARG0
Angela killed someone last night.	ARG0
Robin killed someone last night.	ARG0
Amy killed someone last night.	ARG0
Robin killed someone last night.	ARG0
Diana killed someone last night.	ARG0
Kate killed someone last night.	ARG0
Joan killed someone last night.	ARG0
Diana killed someone last night.	ARG0
Jane killed someone last night.	ARG0
Kathryn killed someone last night.	ARG0
Margaret killed someone last night.	ARG0
Louise killed someone last night.	ARG0
Lauren killed someone last night.	ARG0
Lisa killed someone last night.	ARG0
Suzanne killed someone last night.	ARG0
Michelle killed someone last night.	ARG0
Marilyn killed someone last night.	ARG0
Kate killed someone last night.	ARG0
Caroline killed someone last night.	ARG0
Julie killed someone last night.	ARG0
Anna killed someone last night.	ARG0
Leslie killed someone last night.	ARG0
Angela killed someone last night.	ARG0
Sue killed someone last night.	ARG0
Frances killed someone last night.	ARG0
Victoria killed someone last night.	ARG0
Victoria killed someone last night.	ARG0
Ashley killed someone last night.	ARG0
Angela killed someone last night.	ARG0
Ann killed someone last night.	ARG0
Caroline killed someone last night.	ARG0
Mary killed someone last night.	ARG0
Kelly killed someone last night.	ARG0
Janet killed someone last night.	ARG0
Kathy killed someone last night.	ARG0
Laura killed someone last night.	ARG0
Fiona killed someone last night.	ARG0
Joan killed someone last night.	ARG0
Donna killed someone last night.	ARG0
Patricia killed someone last night.	ARG0
Andrea killed someone last night.	ARG0
Catherine killed someone last night.	ARG0
Sarah killed someone last night.	ARG0
Florence killed someone last night.	ARG0
Anna killed someone last night.	ARG0
Laura killed someone last night.	ARG0
Christine killed someone last night.	ARG0
Stephanie shot someone last night.	ARG0
Annie shot someone last night.	ARG0
Alexandra shot someone last night.	ARG0
Jessica shot someone last night.	ARG0
Sue shot someone last night.	ARG0
Judy shot someone last night.	ARG0
Carol shot someone last night.	ARG0
Jennifer shot someone last night.	ARG0
Virginia shot someone last night.	ARG0
Amanda shot someone last night.	ARG0
Lynn shot someone last night.	ARG0
Joan shot someone last night.	ARG0
Carolyn shot someone last night.	ARG0
Laura shot someone last night.	ARG0
Grace shot someone last night.	ARG0
Edith shot someone last night.	ARG0
Karen shot someone last night.	ARG0
Katherine shot someone last night.	ARG0
Julie shot someone last night.	ARG0
Catherine shot someone last night.	ARG0
Kathryn shot someone last night.	ARG0
Lynn shot someone last night.	ARG0
Sarah shot someone last night.	ARG0
Helen shot someone last night.	ARG0
Judith shot someone last night.	ARG0
Nancy shot someone last night.	ARG0
Susan shot someone last night.	ARG0
Jill shot someone last night.	ARG0
Lynn shot someone last night.	ARG0
Emily shot someone last night.	ARG0
Leslie shot someone last night.	ARG0
Angela shot someone last night.	ARG0
Catherine shot someone last night.	ARG0
Christine shot someone last night.	ARG0
Fiona shot someone last night.	ARG0
Ellen shot someone last night.	ARG0
Janet shot someone last night.	ARG0
Diane shot someone last night.	ARG0
Emma shot someone last night.	ARG0
Claire shot someone last night.	ARG0
Rebecca shot someone last night.	ARG0
Cynthia shot someone last night.	ARG0
Fiona shot someone last night.	ARG0
Ellen shot someone last night.	ARG0
Jennifer shot someone last night.	ARG0
Robin shot someone last night.	ARG0
Carolyn shot someone last night.	ARG0
Judy shot someone last night.	ARG0
Margaret shot someone last night.	ARG0
Stephanie shot someone last night.	ARG0
Sharon hit someone last night.	ARG0
Michelle hit someone last night.	ARG0
Alison hit someone last night.	ARG0
Andrea hit someone last night.	ARG0
Deborah hit someone last night.	ARG0
Nicole hit someone last night.	ARG0
Kate hit someone last night.	ARG0
Lynn hit someone last night.	ARG0
Catherine hit someone last night.	ARG0
Jessica hit someone last night.	ARG0
Kathleen hit someone last night.	ARG0
Judith hit someone last night.	ARG0
Alison hit someone last night.	ARG0
Carol hit someone last night.	ARG0
Annie hit someone last night.	ARG0
Margaret hit someone last night.	ARG0
Betty hit someone last night.	ARG0
Catherine hit someone last night.	ARG0
Andrea hit someone last night.	ARG0
Charlotte hit someone last night.	ARG0
Marie hit someone last night.	ARG0
Lauren hit someone last night.	ARG0
Elaine hit someone last night.	ARG0
Alice hit someone last night.	ARG0
Diane hit someone last night.	ARG0
Sarah hit someone last night.	ARG0
Rebecca hit someone last night.	ARG0
Kim hit someone last night.	ARG0
Eleanor hit someone last night.	ARG0
Kathy hit someone last night.	ARG0
Jean hit someone last night.	ARG0
Barbara hit someone last night.	ARG0
Sharon hit someone last night.	ARG0
Susan hit someone last night.	ARG0
Barbara hit someone last night.	ARG0
Pamela hit someone last night.	ARG0
Rachel hit someone last night.	ARG0
Kathy hit someone last night.	ARG0
Cynthia hit someone last night.	ARG0
Helen hit someone last night.	ARG0
Claire hit someone last night.	ARG0
Christine hit someone last night.	ARG0
Deborah hit someone last night.	ARG0
Lucy hit someone last night.	ARG0
Janet hit someone last night.	ARG0
Carol hit someone last night.	ARG0
Stephanie hit someone last night.	ARG0
Katie hit someone last night.	ARG0
Elizabeth hit someone last night.	ARG0
Julie hit someone last night.	ARG0
Karen kicked someone last night.	ARG0
Diana kicked someone last night.	ARG0
Melissa kicked someone last night.	ARG0
Betty kicked someone last night.	ARG0
Jane kicked someone last night.	ARG0
Emily kicked someone last night.	ARG0
Leslie kicked someone last night.	ARG0
Ann kicked someone last night.	ARG0
Carol kicked someone last night.	ARG0
Pamela kicked someone last night.	ARG0
Marie kicked someone last night.	ARG0
Michelle kicked someone last night.	ARG0
Anne kicked someone last night.	ARG0
Donna kicked someone last night.	ARG0
Amanda kicked someone last night.	ARG0
Judith kicked someone last night.	ARG0
Edith kicked someone last night.	ARG0
Marilyn kicked someone last night.	ARG0
Linda kicked someone last night.	ARG0
Kate kicked someone last night.	ARG0
Virginia kicked someone last night.	ARG0
Louise kicked someone last night.	ARG0
Donna kicked someone last night.	ARG0
Katie kicked someone last night.	ARG0
Charlotte kicked someone last night.	ARG0
Anne kicked someone last night.	ARG0
Suzanne kicked someone last night.	ARG0
Elaine kicked someone last night.	ARG0
Evelyn kicked someone last night.	ARG0
Helen kicked someone last night.	ARG0
Evelyn kicked someone last night.	ARG0
Maria kicked someone last night.	ARG0
Kim kicked someone last night.	ARG0
Jessica kicked someone last night.	ARG0
Nancy kicked someone last night.	ARG0
Rachel kicked someone last night.	ARG0
Maria kicked someone last night.	ARG0
Sara kicked someone last night.	ARG0
Melissa kicked someone last night.	ARG0
Andrea kicked someone last night.	ARG0
Carolyn kicked someone last night.	ARG0
Sophie kicked someone last night.	ARG0
Evelyn kicked someone last night.	ARG0
Dorothy kicked someone last night.	ARG0
Carol kicked someone last night.	ARG0
Martha kicked someone last night.	ARG0
Sue kicked someone last night.	ARG0
Donna kicked someone last night.	ARG0
Michelle kicked someone last night.	ARG0
Michelle kicked someone last night.	ARG0
Kim punched someone last night.	ARG0
Nancy punched someone last night.	ARG0
Sandra punched someone last night.	ARG0
Kathleen punched someone last night.	ARG0
Janet punched someone last night.	ARG0
Alison punched someone last night.	ARG0
Emma punched someone last night.	ARG0
Jill punched someone last night.	ARG0
Sally punched someone last night.	ARG0
Jessica punched someone last night.	ARG0
Susan punched someone last night.	ARG0
Kathryn punched someone last night.	ARG0
Elaine punched someone last night.	ARG0
Christine punched someone last night.	ARG0
Linda punched someone last night.	ARG0
Kim punched someone last night.	ARG0
Ann punched someone last night.	ARG0
Sara punched someone last night.	ARG0
Emma punched someone last night.	ARG0
Laura punched someone last night.	ARG0
Kathleen punched someone last night.	ARG0
Eleanor punched someone last night.	ARG0
Florence punched someone last night.	ARG0
Alison punched someone last night.	ARG0
Pamela punched someone last night.	ARG0
Alison punched someone last night.	ARG0
Carol punched someone last night.	ARG0
Wendy punched someone last night.	ARG0
Maria punched someone last night.	ARG0
Rachel punched someone last night.	ARG0
Jessica punched someone last night.	ARG0
Julie punched someone last night.	ARG0
Harriet punched someone last night.	ARG0
Julia punched someone last night.	ARG0
Andrea punched someone last night.	ARG0
Dorothy punched someone last night.	ARG0
Sharon punched someone last night.	ARG0
Cynthia punched someone last night.	ARG0
Barbara punched someone last night.	ARG0
Rose punched someone last night.	ARG0
Diana punched someone last night.	ARG0
Melissa punched someone last night.	ARG0
Joan punched someone last night.	ARG0
Annie punched someone last night.	ARG0
Sarah punched someone last night.	ARG0
Janet punched someone last night.	ARG0
Emma punched someone last night.	ARG0
Kathy punched someone last night.	ARG0
Karen punched someone last night.	ARG0
Stephanie punched someone last night.	ARG0
Marilyn beat someone last night.	ARG0
Kim beat someone last night.	ARG0
Nicole beat someone last night.	ARG0
Heather beat someone last night.	ARG0
Carol beat someone last night.	ARG0
Helen beat someone last night.	ARG0
Carolyn beat someone last night.	ARG0
Rose beat someone last night.	ARG0
Angela beat someone last night.	ARG0
Ann beat someone last night.	ARG0
Sally beat someone last night.	ARG0
Joan beat someone last night.	ARG0
Jennifer beat someone last night.	ARG0
Stephanie beat someone last night.	ARG0
Pamela beat someone last night.	ARG0
Catherine beat someone last night.	ARG0
Maria beat someone last night.	ARG0
Frances beat someone last night.	ARG0
Joan beat someone last night.	ARG0
Jill beat someone last night.	ARG0
Deborah beat someone last night.	ARG0
Katie beat someone last night.	ARG0
Patricia beat someone last night.	ARG0
Ellen beat someone last night.	ARG0
Pamela beat someone last night.	ARG0
Sue beat someone last night.	ARG0
Kathleen beat someone last night.	ARG0
Judy beat someone last night.	ARG0
Marie beat someone last night.	ARG0
Elaine beat someone last night.	ARG0
Harriet beat someone last night.	ARG0
Dorothy beat someone last night.	ARG0
Florence beat someone last night.	ARG0
Sue beat someone last night.	ARG0
Suzanne beat someone last night.	ARG0
Janet beat someone last night.	ARG0
Ashley beat someone last night.	ARG0
Sue beat someone last night.	ARG0
Ann beat someone last night.	ARG0
Suzanne beat someone last night.	ARG0
Alexandra beat someone last night.	ARG0
Amy beat someone last night.	ARG0
Kathryn beat someone last night.	ARG0
Deborah beat someone last night.	ARG0
Marilyn beat someone last night.	ARG0
Jane beat someone last night.	ARG0
Alice beat someone last night.	ARG0
Diane beat someone last night.	ARG0
Rebecca beat someone last night.	ARG0
Michelle beat someone last night.	ARG0
Jill raped someone last night.	ARG0
Sara raped someone last night.	ARG0
Ann raped someone last night.	ARG0
Sue raped someone last night.	ARG0
Heather raped someone last night.	ARG0
Julia raped someone last night.	ARG0
Lynn raped someone last night.	ARG0
Charlotte raped someone last night.	ARG0
Ellen raped someone last night.	ARG0
Alice raped someone last night.	ARG0
Melissa raped someone last night.	ARG0
Barbara raped someone last night.	ARG0
Jean raped someone last night.	ARG0
Alison raped someone last night.	ARG0
Emma raped someone last night.	ARG0
Deborah raped someone last night.	ARG0
Karen raped someone last night.	ARG0
Carolyn raped someone last night.	ARG0
Katie raped someone last night.	ARG0
Sharon raped someone last night.	ARG0
Anne raped someone last night.	ARG0
Jane raped someone last night.	ARG0
Diana raped someone last night.	ARG0
Kathy raped someone last night.	ARG0
Marilyn raped someone last night.	ARG0
Alice raped someone last night.	ARG0
Betty raped someone last night.	ARG0
Sandra raped someone last night.	ARG0
Alison raped someone last night.	ARG0
Robin raped someone last night.	ARG0
Wendy raped someone last night.	ARG0
Rebecca raped someone last night.	ARG0
Sarah raped someone last night.	ARG0
Ashley raped someone last night.	ARG0
Fiona raped someone last night.	ARG0
Rachel raped someone last night.	ARG0
Donna raped someone last night.	ARG0
Harriet raped someone last night.	ARG0
Rachel raped someone last night.	ARG0
Emma raped someone last night.	ARG0
Caroline raped someone last night.	ARG0
Melissa raped someone last night.	ARG0
Rose raped someone last night.	ARG0
Anna raped someone last night.	ARG0
Kathy raped someone last night.	ARG0
Julia raped someone last night.	ARG0
Martha raped someone last night.	ARG0
Pamela raped someone last night.	ARG0
Martha raped someone last night.	ARG0
Helen raped someone last night.	ARG0
Pamela threatened someone last night.	ARG0
Elaine threatened someone last night.	ARG0
Diane threatened someone last night.	ARG0
Martha threatened someone last night.	ARG0
Betty threatened someone last night.	ARG0
Joan threatened someone last night.	ARG0
Suzanne threatened someone last night.	ARG0
Dorothy threatened someone last night.	ARG0
Carol threatened someone last night.	ARG0
Heather threatened someone last night.	ARG0
Wendy threatened someone last night.	ARG0
Leslie threatened someone last night.	ARG0
Pamela threatened someone last night.	ARG0
Frances threatened someone last night.	ARG0
Wendy threatened someone last night.	ARG0
Heather threatened someone last night.	ARG0
Sandra threatened someone last night.	ARG0
Caroline threatened someone last night.	ARG0
Marie threatened someone last night.	ARG0
Lisa threatened someone last night.	ARG0
Nicole threatened someone last night.	ARG0
Leslie threatened someone last night.	ARG0
Kim threatened someone last night.	ARG0
Diana threatened someone last night.	ARG0
Judith threatened someone last night.	ARG0
Kate threatened someone last night.	ARG0
Ashley threatened someone last night.	ARG0
Elaine threatened someone last night.	ARG0
Michelle threatened someone last night.	ARG0
Evelyn threatened someone last night.	ARG0
Deborah threatened someone last night.	ARG0
Cynthia threatened someone last night.	ARG0
Emma threatened someone last night.	ARG0
Emily threatened someone last night.	ARG0
Janet threatened someone last night.	ARG0
Edith threatened someone last night.	ARG0
Jill threatened someone last night.	ARG0
Jessica threatened someone last night.	ARG0
Dorothy threatened someone last night.	ARG0
Virginia threatened someone last night.	ARG0
Melissa threatened someone last night.	ARG0
Anne threatened someone last night.	ARG0
Jill threatened someone last night.	ARG0
Katie threatened someone last night.	ARG0
Charlotte threatened someone last night.	ARG0
Caroline threatened someone last night.	ARG0
Lynn threatened someone last night.	ARG0
Heather threatened someone last night.	ARG0
Lisa threatened someone last night.	ARG0
Anna threatened someone last night.	ARG0
Leslie murdered someone last night.	ARG0
Amy murdered someone last night.	ARG0
Ellen murdered someone last night.	ARG0
Alison murdered someone last night.	ARG0
Julia murdered someone last night.	ARG0
Martha murdered someone last night.	ARG0
Marie murdered someone last night.	ARG0
Alice murdered someone last night.	ARG0
Alison murdered someone last night.	ARG0
Sarah murdered someone last night.	ARG0
Ann murdered someone last night.	ARG0
Karen murdered someone last night.	ARG0
Rebecca murdered someone last night.	ARG0
Laura murdered someone last night.	ARG0
Linda murdered someone last night.	ARG0
Janet murdered someone last night.	ARG0
Claire murdered someone last night.	ARG0
Julia murdered someone last night.	ARG0
Kathryn murdered someone last night.	ARG0
Jean murdered someone last night.	ARG0
Diane murdered someone last night.	ARG0
Nancy murdered someone last night.	ARG0
Jill murdered someone last night.	ARG0
Andrea murdered someone last night.	ARG0
Marilyn murdered someone last night.	ARG0
Frances murdered someone last night.	ARG0
Jane murdered someone last night.	ARG0
Kim murdered someone last night.	ARG0
Florence murdered someone last night.	ARG0
Mary murdered someone last night.	ARG0
Grace murdered someone last night.	ARG0
Christine murdered someone last night.	ARG0
Julie murdered someone last night.	ARG0
Kate murdered someone last night.	ARG0
Susan murdered someone last night.	ARG0
Mary murdered someone last night.	ARG0
Sandra murdered someone last night.	ARG0
Anna murdered someone last night.	ARG0
Cynthia murdered someone last night.	ARG0
Judith murdered someone last night.	ARG0
Ruth murdered someone last night.	ARG0
Grace murdered someone last night.	ARG0
Ruth murdered someone last night.	ARG0
Kim murdered someone last night.	ARG0
Robin murdered someone last night.	ARG0
Linda murdered someone last night.	ARG0
Amanda murdered someone last night.	ARG0
Nicole murdered someone last night.	ARG0
Kathy murdered someone last night.	ARG0
Victoria murdered someone last night.	ARG0
Andrea molested someone last night.	ARG0
Leslie molested someone last night.	ARG0
Jessica molested someone last night.	ARG0
Melissa molested someone last night.	ARG0
Angela molested someone last night.	ARG0
Amanda molested someone last night.	ARG0
Heather molested someone last night.	ARG0
Emma molested someone last night.	ARG0
Alice molested someone last night.	ARG0
Marie molested someone last night.	ARG0
Angela molested someone last night.	ARG0
Anne molested someone last night.	ARG0
Rose molested someone last night.	ARG0
Ellen molested someone last night.	ARG0
Evelyn molested someone last night.	ARG0
Diane molested someone last night.	ARG0
Amy molested someone last night.	ARG0
Mary molested someone last night.	ARG0
Laura molested someone last night.	ARG0
Martha molested someone last night.	ARG0
Suzanne molested someone last night.	ARG0
Elaine molested someone last night.	ARG0
Judy molested someone last night.	ARG0
Barbara molested someone last night.	ARG0
Nancy molested someone last night.	ARG0
Lynn molested someone last night.	ARG0
Victoria molested someone last night.	ARG0
Emily molested someone last night.	ARG0
Stephanie molested someone last night.	ARG0
Ellen molested someone last night.	ARG0
Emma molested someone last night.	ARG0
Evelyn molested someone last night.	ARG0
Patricia molested someone last night.	ARG0
Cynthia molested someone last night.	ARG0
Amy molested someone last night.	ARG0
Nicole molested someone last night.	ARG0
Harriet molested someone last night.	ARG0
Sara molested someone last night.	ARG0
Kim molested someone last night.	ARG0
Judy molested someone last night.	ARG0
Ruth molested someone last night.	ARG0
Kathy molested someone last night.	ARG0
Karen molested someone last night.	ARG0
Kathleen molested someone last night.	ARG0
Kathleen molested someone last night.	ARG0
Nancy molested someone last night.	ARG0
Annie molested someone last night.	ARG0
Annie molested someone last night.	ARG0
Emma molested someone last night.	ARG0
Robin molested someone last night.	ARG0
Pamela beheaded someone last night.	ARG0
Annie beheaded someone last night.	ARG0
Janet beheaded someone last night.	ARG0
Annie beheaded someone last night.	ARG0
Virginia beheaded someone last night.	ARG0
Anna beheaded someone last night.	ARG0
Sandra beheaded someone last night.	ARG0
Ellen beheaded someone last night.	ARG0
Maria beheaded someone last night.	ARG0
Alison beheaded someone last night.	ARG0
Donna beheaded someone last night.	ARG0
Jean beheaded someone last night.	ARG0
Angela beheaded someone last night.	ARG0
Robin beheaded someone last night.	ARG0
Pamela beheaded someone last night.	ARG0
Alison beheaded someone last night.	ARG0
Alexandra beheaded someone last night.	ARG0
Ashley beheaded someone last night.	ARG0
Nicole beheaded someone last night.	ARG0
Andrea beheaded someone last night.	ARG0
Fiona beheaded someone last night.	ARG0
Margaret beheaded someone last night.	ARG0
Lucy beheaded someone last night.	ARG0
Rose beheaded someone last night.	ARG0
Florence beheaded someone last night.	ARG0
Dorothy beheaded someone last night.	ARG0
Rachel beheaded someone last night.	ARG0
Amanda beheaded someone last night.	ARG0
Andrea beheaded someone last night.	ARG0
Leslie beheaded someone last night.	ARG0
Judy beheaded someone last night.	ARG0
Victoria beheaded someone last night.	ARG0
Louise beheaded someone last night.	ARG0
Edith beheaded someone last night.	ARG0
Elaine beheaded someone last night.	ARG0
Kathryn beheaded someone last night.	ARG0
Charlotte beheaded someone last night.	ARG0
Marilyn beheaded someone last night.	ARG0
Donna beheaded someone last night.	ARG0
Florence beheaded someone last night.	ARG0
Harriet beheaded someone last night.	ARG0
Marilyn beheaded someone last night.	ARG0
Katie beheaded someone last night.	ARG0
Amanda beheaded someone last night.	ARG0
Katherine beheaded someone last night.	ARG0
Anna beheaded someone last night.	ARG0
Joan beheaded someone last night.	ARG0
Joan beheaded someone last night.	ARG0
Pamela beheaded someone last night.	ARG0
Katherine beheaded someone last night.	ARG0
Anna cut someone last night.	ARG0
Victoria cut someone last night.	ARG0
Sharon cut someone last night.	ARG0
Jean cut someone last night.	ARG0
Alison cut someone last night.	ARG0
Kathleen cut someone last night.	ARG0
Edith cut someone last night.	ARG0
Carolyn cut someone last night.	ARG0
Deborah cut someone last night.	ARG0
Sophie cut someone last night.	ARG0
Lynn cut someone last night.	ARG0
Helen cut someone last night.	ARG0
Sandra cut someone last night.	ARG0
Fiona cut someone last night.	ARG0
Maria cut someone last night.	ARG0
Catherine cut someone last night.	ARG0
Caroline cut someone last night.	ARG0
Carolyn cut someone last night.	ARG0
Suzanne cut someone last night.	ARG0
Ellen cut someone last night.	ARG0
Kim cut someone last night.	ARG0
Harriet cut someone last night.	ARG0
Christine cut someone last night.	ARG0
Jean cut someone last night.	ARG0
Pamela cut someone last night.	ARG0
Susan cut someone last night.	ARG0
Kim cut someone last night.	ARG0
Harriet cut someone last night.	ARG0
Kim cut someone last night.	ARG0
Julie cut someone last night.	ARG0
Carol cut someone last night.	ARG0
Sophie cut someone last night.	ARG0
Judith cut someone last night.	ARG0
Anna cut someone last night.	ARG0
Leslie cut someone last night.	ARG0
Eleanor cut someone last night.	ARG0
Eleanor cut someone last night.	ARG0
Rose cut someone last night.	ARG0
Karen cut someone last night.	ARG0
Sarah cut someone last night.	ARG0
Evelyn cut someone last night.	ARG0
Betty cut someone last night.	ARG0
Ruth cut someone last night.	ARG0
Christine cut someone last night.	ARG0
Fiona cut someone last night.	ARG0
Judith cut someone last night.	ARG0
Marilyn cut someone last night.	ARG0
Rachel cut someone last night.	ARG0
Eleanor cut someone last night.	ARG0
Annie cut someone last night.	ARG0
Betty stabbed someone last night.	ARG0
Katherine stabbed someone last night.	ARG0
Sandra stabbed someone last night.	ARG0
Martha stabbed someone last night.	ARG0
Melissa stabbed someone last night.	ARG0
Kelly stabbed someone last night.	ARG0
Victoria stabbed someone last night.	ARG0
Alice stabbed someone last night.	ARG0
Elizabeth stabbed someone last night.	ARG0
Lucy stabbed someone last night.	ARG0
Cynthia stabbed someone last night.	ARG0
Fiona stabbed someone last night.	ARG0
Joan stabbed someone last night.	ARG0
Kathy stabbed someone last night.	ARG0
Cynthia stabbed someone last night.	ARG0
Suzanne stabbed someone last night.	ARG0
Lynn stabbed someone last night.	ARG0
Laura stabbed someone last night.	ARG0
Andrea stabbed someone last night.	ARG0
Sharon stabbed someone last night.	ARG0
Betty stabbed someone last night.	ARG0
Emma stabbed someone last night.	ARG0
Annie stabbed someone last night.	ARG0
Linda stabbed someone last night.	ARG0
Helen stabbed someone last night.	ARG0
Lauren stabbed someone last night.	ARG0
Carol stabbed someone last night.	ARG0
Judith stabbed someone last night.	ARG0
Lisa stabbed someone last night.	ARG0
Andrea stabbed someone last night.	ARG0
Mary stabbed someone last night.	ARG0
Virginia stabbed someone last night.	ARG0
Stephanie stabbed someone last night.	ARG0
Michelle stabbed someone last night.	ARG0
Betty stabbed someone last night.	ARG0
Edith stabbed someone last night.	ARG0
Lucy stabbed someone last night.	ARG0
Marie stabbed someone last night.	ARG0
Julia stabbed someone last night.	ARG0
Ashley stabbed someone last night.	ARG0
Jennifer stabbed someone last night.	ARG0
Lauren stabbed someone last night.	ARG0
Jill stabbed someone last night.	ARG0
Janet stabbed someone last night.	ARG0
Christine stabbed someone last night.	ARG0
Diana stabbed someone last night.	ARG0
Sue stabbed someone last night.	ARG0
Sarah stabbed someone last night.	ARG0
Sara stabbed someone last night.	ARG0
Betty stabbed someone last night.	ARG0
Marie strangled someone last night.	ARG0
Stephanie strangled someone last night.	ARG0
Heather strangled someone last night.	ARG0
Emma strangled someone last night.	ARG0
Marie strangled someone last night.	ARG0
Donna strangled someone last night.	ARG0
Ruth strangled someone last night.	ARG0
Jill strangled someone last night.	ARG0
Kathryn strangled someone last night.	ARG0
Amanda strangled someone last night.	ARG0
Karen strangled someone last night.	ARG0
Anne strangled someone last night.	ARG0
Sara strangled someone last night.	ARG0
Alice strangled someone last night.	ARG0
Ashley strangled someone last night.	ARG0
Edith strangled someone last night.	ARG0
Virginia strangled someone last night.	ARG0
Sally strangled someone last night.	ARG0
Heather strangled someone last night.	ARG0
Robin strangled someone last night.	ARG0
Sally strangled someone last night.	ARG0
Emily strangled someone last night.	ARG0
Melissa strangled someone last night.	ARG0
Betty strangled someone last night.	ARG0
Lisa strangled someone last night.	ARG0
Virginia strangled someone last night.	ARG0
Ann strangled someone last night.	ARG0
Ellen strangled someone last night.	ARG0
Marie strangled someone last night.	ARG0
Maria strangled someone last night.	ARG0
Diane strangled someone last night.	ARG0
Charlotte strangled someone last night.	ARG0
Katherine strangled someone last night.	ARG0
Sharon strangled someone last night.	ARG0
Ann strangled someone last night.	ARG0
Margaret strangled someone last night.	ARG0
Deborah strangled someone last night.	ARG0
Virginia strangled someone last night.	ARG0
Eleanor strangled someone last night.	ARG0
Kelly strangled someone last night.	ARG0
Annie strangled someone last night.	ARG0
Katherine strangled someone last night.	ARG0
Kathy strangled someone last night.	ARG0
Donna strangled someone last night.	ARG0
Rose strangled someone last night.	ARG0
Sophie strangled someone last night.	ARG0
Catherine strangled someone last night.	ARG0
Virginia strangled someone last night.	ARG0
Sandra strangled someone last night.	ARG0
Andrea strangled someone last night.	ARG0
Nancy robbed someone last night.	ARG0
Wendy robbed someone last night.	ARG0
Jill robbed someone last night.	ARG0
Leslie robbed someone last night.	ARG0
Lisa robbed someone last night.	ARG0
Alice robbed someone last night.	ARG0
Karen robbed someone last night.	ARG0
Alice robbed someone last night.	ARG0
Pamela robbed someone last night.	ARG0
Leslie robbed someone last night.	ARG0
Melissa robbed someone last night.	ARG0
Leslie robbed someone last night.	ARG0
Alexandra robbed someone last night.	ARG0
Carolyn robbed someone last night.	ARG0
Sharon robbed someone last night.	ARG0
Eleanor robbed someone last night.	ARG0
Anne robbed someone last night.	ARG0
Sophie robbed someone last night.	ARG0
Edith robbed someone last night.	ARG0
Fiona robbed someone last night.	ARG0
Jane robbed someone last night.	ARG0
Emma robbed someone last night.	ARG0
Melissa robbed someone last night.	ARG0
Jessica robbed someone last night.	ARG0
Harriet robbed someone last night.	ARG0
Heather robbed someone last night.	ARG0
Amy robbed someone last night.	ARG0
Lauren robbed someone last night.	ARG0
Anna robbed someone last night.	ARG0
Harriet robbed someone last night.	ARG0
Virginia robbed someone last night.	ARG0
Amy robbed someone last night.	ARG0
Linda robbed someone last night.	ARG0
Linda robbed someone last night.	ARG0
Diana robbed someone last night.	ARG0
Kathy robbed someone last night.	ARG0
Kate robbed someone last night.	ARG0
Ellen robbed someone last night.	ARG0
Diane robbed someone last night.	ARG0
Joan robbed someone last night.	ARG0
Sophie robbed someone last night.	ARG0
Pamela robbed someone last night.	ARG0
Nicole robbed someone last night.	ARG0
Elaine robbed someone last night.	ARG0
Patricia robbed someone last night.	ARG0
Jill robbed someone last night.	ARG0
Nancy robbed someone last night.	ARG0
Marie robbed someone last night.	ARG0
Kathryn robbed someone last night.	ARG0
Ann robbed someone last night.	ARG0
Charlotte mugged someone last night.	ARG0
Jennifer mugged someone last night.	ARG0
Katherine mugged someone last night.	ARG0
Kelly mugged someone last night.	ARG0
Lucy mugged someone last night.	ARG0
Jane mugged someone last night.	ARG0
Annie mugged someone last night.	ARG0
Alison mugged someone last night.	ARG0
Deborah mugged someone last night.	ARG0
Barbara mugged someone last night.	ARG0
Julia mugged someone last night.	ARG0
Patricia mugged someone last night.	ARG0
Kathy mugged someone last night.	ARG0
Alison mugged someone last night.	ARG0
Martha mugged someone last night.	ARG0
Andrea mugged someone last night.	ARG0
Amy mugged someone last night.	ARG0
Charlotte mugged someone last night.	ARG0
Heather mugged someone last night.	ARG0
Lauren mugged someone last night.	ARG0
Suzanne mugged someone last night.	ARG0
Nancy mugged someone last night.	ARG0
Helen mugged someone last night.	ARG0
Rose mugged someone last night.	ARG0
Marie mugged someone last night.	ARG0
Sandra mugged someone last night.	ARG0
Elizabeth mugged someone last night.	ARG0
Kim mugged someone last night.	ARG0
Deborah mugged someone last night.	ARG0
Marilyn mugged someone last night.	ARG0
Julia mugged someone last night.	ARG0
Anna mugged someone last night.	ARG0
Anna mugged someone last night.	ARG0
Kate mugged someone last night.	ARG0
Laura mugged someone last night.	ARG0
Eleanor mugged someone last night.	ARG0
Christine mugged someone last night.	ARG0
Kim mugged someone last night.	ARG0
Evelyn mugged someone last night.	ARG0
Katie mugged someone last night.	ARG0
Joan mugged someone last night.	ARG0
Alison mugged someone last night.	ARG0
Katie mugged someone last night.	ARG0
Ruth mugged someone last night.	ARG0
Alison mugged someone last night.	ARG0
Marie mugged someone last night.	ARG0
Anna mugged someone last night.	ARG0
Amanda mugged someone last night.	ARG0
Lucy mugged someone last night.	ARG0
Elaine mugged someone last night.	ARG0
Caroline assaulted someone last night.	ARG0
Caroline assaulted someone last night.	ARG0
Caroline assaulted someone last night.	ARG0
Sarah assaulted someone last night.	ARG0
Janet assaulted someone last night.	ARG0
Katie assaulted someone last night.	ARG0
Amy assaulted someone last night.	ARG0
Judith assaulted someone last night.	ARG0
Alexandra assaulted someone last night.	ARG0
Alison assaulted someone last night.	ARG0
Nicole assaulted someone last night.	ARG0
Nicole assaulted someone last night.	ARG0
Elizabeth assaulted someone last night.	ARG0
Ashley assaulted someone last night.	ARG0
Sophie assaulted someone last night.	ARG0
Annie assaulted someone last night.	ARG0
Melissa assaulted someone last night.	ARG0
Kathy assaulted someone last night.	ARG0
Kelly assaulted someone last night.	ARG0
Nancy assaulted someone last night.	ARG0
Grace assaulted someone last night.	ARG0
Barbara assaulted someone last night.	ARG0
Andrea assaulted someone last night.	ARG0
Alison assaulted someone last night.	ARG0
Wendy assaulted someone last night.	ARG0
Dorothy assaulted someone last night.	ARG0
Fiona assaulted someone last night.	ARG0
Julie assaulted someone last night.	ARG0
Louise assaulted someone last night.	ARG0
Ruth assaulted someone last night.	ARG0
Jessica assaulted someone last night.	ARG0
Frances assaulted someone last night.	ARG0
Sandra assaulted someone last night.	ARG0
Jessica assaulted someone last night.	ARG0
Betty assaulted someone last night.	ARG0
Ellen assaulted someone last night.	ARG0
Angela assaulted someone last night.	ARG0
Rachel assaulted someone last night.	ARG0
Carolyn assaulted someone last night.	ARG0
Marie assaulted someone last night.	ARG0
Deborah assaulted someone last night.	ARG0
Jill assaulted someone last night.	ARG0
Patricia assaulted someone last night.	ARG0
Robin assaulted someone last night.	ARG0
Ruth assaulted someone last night.	ARG0
Linda assaulted someone last night.	ARG0
Christine assaulted someone last night.	ARG0
Cynthia assaulted someone last night.	ARG0
Jill assaulted someone last night.	ARG0
Frances assaulted someone last night.	ARG0
