Steve killed someone last night.	ARG0
Bobby killed someone last night.	ARG0
Charlie killed someone last night.	ARG0
Alex killed someone last night.	ARG0
Michael killed someone last night.	ARG0
Lawrence killed someone last night.	ARG0
Mike killed someone last night.	ARG0
Patrick killed someone last night.	ARG0
Carl killed someone last night.	ARG0
Kenneth killed someone last night.	ARG0
Al killed someone last night.	ARG0
Frederick killed someone last night.	ARG0
Charles killed someone last night.	ARG0
Michael killed someone last night.	ARG0
Andrew killed someone last night.	ARG0
Ed killed someone last night.	ARG0
Donald killed someone last night.	ARG0
Colin killed someone last night.	ARG0
Harry killed someone last night.	ARG0
Charles killed someone last night.	ARG0
Scott killed someone last night.	ARG0
Greg killed someone last night.	ARG0
Steve killed someone last night.	ARG0
Roger killed someone last night.	ARG0
Alan killed someone last night.	ARG0
Ed killed someone last night.	ARG0
Edward killed someone last night.	ARG0
Jonathan killed someone last night.	ARG0
Carl killed someone last night.	ARG0
Charles killed someone last night.	ARG0
Samuel killed someone last night.	ARG0
Joseph killed someone last night.	ARG0
Lawrence killed someone last night.	ARG0
Ken killed someone last night.	ARG0
Ralph killed someone last night.	ARG0
Edwin killed someone last night.	ARG0
Bill killed someone last night.	ARG0
Ian killed someone last night.	ARG0
Dick killed someone last night.	ARG0
Alfred killed someone last night.	ARG0
Daniel killed someone last night.	ARG0
Carl killed someone last night.	ARG0
Jeff killed someone last night.	ARG0
John killed someone last night.	ARG0
Christopher killed someone last night.	ARG0
Al killed someone last night.	ARG0
Bill killed someone last night.	ARG0
Larry killed someone last night.	ARG0
Kenneth killed someone last night.	ARG0
Alex killed someone last night.	ARG0
Dick shot someone last night.	ARG0
Harry shot someone last night.	ARG0
Albert shot someone last night.	ARG0
Keith shot someone last night.	ARG0
Keith shot someone last night.	ARG0
Billy shot someone last night.	ARG0
Jack shot someone last night.	ARG0
Fred shot someone last night.	ARG0
Alex shot someone last night.	ARG0
Jack shot someone last night.	ARG0
Edwin shot someone last night.	ARG0
Daniel shot someone last night.	ARG0
Robert shot someone last night.	ARG0
Anthony shot someone last night.	ARG0
Christopher shot someone last night.	ARG0
Paul shot someone last night.	ARG0
William shot someone last night.	ARG0
Jay shot someone last night.	ARG0
Steven shot someone last night.	ARG0
Bruce shot someone last night.	ARG0
Edward shot someone last night.	ARG0
Lawrence shot someone last night.	ARG0
Scott shot someone last night.	ARG0
Charlie shot someone last night.	ARG0
Bobby shot someone last night.	ARG0
Jason shot someone last night.	ARG0
Benjamin shot someone last night.	ARG0
Alexander shot someone last night.	ARG0
Adam shot someone last night.	ARG0
Mark shot someone last night.	ARG0
Roger shot someone last night.	ARG0
Thomas shot someone last night.	ARG0
Dick shot someone last night.	ARG0
Michael shot someone last night.	ARG0
Matthew shot someone last night.	ARG0
Benjamin shot someone last night.	ARG0
Lawrence shot someone last night.	ARG0
George shot someone last night.	ARG0
Harold shot someone last night.	ARG0
Joseph shot someone last night.	ARG0
Benjamin shot someone last night.	ARG0
Matt shot someone last night.	ARG0
Ron shot someone last night.	ARG0
Martin shot someone last night.	ARG0
George shot someone last night.	ARG0
Carl shot someone last night.	ARG0
Jonathan shot someone last night.	ARG0
Joe shot someone last night.	ARG0
Christopher shot someone last night.	ARG0
Al shot someone last night.	ARG0
Jeff hit someone last night.	ARG0
Jack hit someone last night.	ARG0
Matt hit someone last night.	ARG0
Louis hit someone last night.	ARG0
Ben hit someone last night.	ARG0
Daniel hit someone last night.	ARG0
Michael hit someone last night.	ARG0
Howard hit someone last night.	ARG0
Stephen hit someone last night.	ARG0
Ed hit someone last night.	ARG0
Jay hit someone last night.	ARG0
Alex hit someone last night.	ARG0
Lawrence hit someone last night.	ARG0
Greg hit someone last night.	ARG0
Henry hit someone last night.	ARG0
Arthur hit someone last night.	ARG0
Thomas hit someone last night.	ARG0
Simon hit someone last night.	ARG0
Alex hit someone last night.	ARG0
Harry hit someone last night.	ARG0
Dick hit someone last night.	ARG0
Keith hit someone last night.	ARG0
Colin hit someone last night.	ARG0
Bill hit someone last night.	ARG0
Harold hit someone last night.	ARG0
Eric hit someone last night.	ARG0
Edwin hit someone last night.	ARG0
Simon hit someone last night.	ARG0
Thomas hit someone last night.	ARG0
Brian hit someone last night.	ARG0
Patrick hit someone last night.	ARG0
Jack hit someone last night.	ARG0
Roger hit someone last night.	ARG0
Jack hit someone last night.	ARG0
Don hit someone last night.	ARG0
Hugh hit someone last night.	ARG0
Ian hit someone last night.	ARG0
Robert hit someone last night.	ARG0
Joseph hit someone last night.	ARG0
Roger hit someone last night.	ARG0
James hit someone last night.	ARG0
Harold hit someone last night.	ARG0
Alexander hit someone last night.	ARG0
Jonathan hit someone last night.	ARG0
Mike hit someone last night.	ARG0
Christopher hit someone last night.	ARG0
Kevin hit someone last night.	ARG0
Bobby hit someone last night.	ARG0
Donald hit someone last night.	ARG0
Jeff hit someone last night.	ARG0
Albert kicked someone last night.	ARG0
Dan kicked someone last night.	ARG0
James kicked someone last night.	ARG0
Jimmy kicked someone last night.	ARG0
Christopher kicked someone last night.	ARG0
Ben kicked someone last night.	ARG0
Frank kicked someone last night.	ARG0
Billy kicked someone last night.	ARG0
Benjamin kicked someone last night.	ARG0
Martin kicked someone last night.	ARG0
Fred kicked someone last night.	ARG0
Patrick kicked someone last night.	ARG0
Francis kicked someone last night.	ARG0
Donald kicked someone last night.	ARG0
Fred kicked someone last night.	ARG0
Chris kicked someone last night.	ARG0
Brian kicked someone last night.	ARG0
Edward kicked someone last night.	ARG0
Ian kicked someone last night.	ARG0
John kicked someone last night.	ARG0
Ray kicked someone last night.	ARG0
Dan kicked someone last night.	ARG0
Harold kicked someone last night.	ARG0
Albert kicked someone last night.	ARG0
Mark kicked someone last night.	ARG0
Christopher kicked someone last night.	ARG0
Ken kicked someone last night.	ARG0
David kicked someone last night.	ARG0
Ian kicked someone last night.	ARG0
Chris kicked someone last night.	ARG0
Daniel kicked someone last night.	ARG0
Al kicked someone last night.	ARG0
Martin kicked someone last night.	ARG0
Ralph kicked someone last night.	ARG0
Harry kicked someone last night.	ARG0
Keith kicked someone last night.	ARG0
David kicked someone last night.	ARG0
James kicked someone last night.	ARG0
Kenneth kicked someone last night.	ARG0
Kenneth kicked someone last night.	ARG0
Johnny kicked someone last night.	ARG0
Francis kicked someone last night.	ARG0
Jack kicked someone last night.	ARG0
Matthew kicked someone last night.	ARG0
Charlie kicked someone last night.	ARG0
Bill kicked someone last night.	ARG0
Ron kicked someone last night.	ARG0
Chris kicked someone last night.	ARG0
Lawrence kicked someone last night.	ARG0
Sam kicked someone last night.	ARG0
Alexander punched someone last night	ARG0
Kevin punched someone last night	ARG0
Edward punched someone last night	ARG0
Louis punched someone last night	ARG0
Adam punched someone last night	ARG0
Anthony punched someone last night	ARG0
Louis punched someone last night	ARG0
Daniel punched someone last night	ARG0
Anthony punched someone last night	ARG0
Edwin punched someone last night	ARG0
Harold punched someone last night	ARG0
Andrew punched someone last night	ARG0
Louis punched someone last night	ARG0
Harry punched someone last night	ARG0
Mike punched someone last night	ARG0
Ralph punched someone last night	ARG0
Donald punched someone last night	ARG0
Alfred punched someone last night	ARG0
Thomas punched someone last night	ARG0
Don punched someone last night	ARG0
Henry punched someone last night	ARG0
Kenneth punched someone last night	ARG0
Jim punched someone last night	ARG0
Charlie punched someone last night	ARG0
Lawrence punched someone last night	ARG0
Henry punched someone last night	ARG0
Edwin punched someone last night	ARG0
Matt punched someone last night	ARG0
Donald punched someone last night	ARG0
Don punched someone last night	ARG0
Kevin punched someone last night	ARG0
Don punched someone last night	ARG0
James punched someone last night	ARG0
Anthony punched someone last night	ARG0
Fred punched someone last night	ARG0
Greg punched someone last night	ARG0
Mike punched someone last night	ARG0
Roger punched someone last night	ARG0
Jason punched someone last night	ARG0
Bobby punched someone last night	ARG0
Albert punched someone last night	ARG0
Hugh punched someone last night	ARG0
Bob punched someone last night	ARG0
Daniel punched someone last night	ARG0
Dick punched someone last night	ARG0
Bruce punched someone last night	ARG0
Ian punched someone last night	ARG0
Greg punched someone last night	ARG0
Bobby punched someone last night	ARG0
Howard punched someone last night	ARG0
Mark beat someone last night.	ARG0
Ian beat someone last night.	ARG0
Ian beat someone last night.	ARG0
George beat someone last night.	ARG0
Bruce beat someone last night.	ARG0
Samuel beat someone last night.	ARG0
George beat someone last night.	ARG0
Brian beat someone last night.	ARG0
Jeff beat someone last night.	ARG0
Lawrence beat someone last night.	ARG0
Andrew beat someone last night.	ARG0
Hugh beat someone last night.	ARG0
Tim beat someone last night.	ARG0
Jack beat someone last night.	ARG0
William beat someone last night.	ARG0
Jay beat someone last night.	ARG0
Dave beat someone last night.	ARG0
Jonathan beat someone last night.	ARG0
Jimmy beat someone last night.	ARG0
Hugh beat someone last night.	ARG0
Joe beat someone last night.	ARG0
Paul beat someone last night.	ARG0
Benjamin beat someone last night.	ARG0
Daniel beat someone last night.	ARG0
Adam beat someone last night.	ARG0
Johnny beat someone last night.	ARG0
Andrew beat someone last night.	ARG0
David beat someone last night.	ARG0
Brian beat someone last night.	ARG0
Eric beat someone last night.	ARG0
Hugh beat someone last night.	ARG0
Edward beat someone last night.	ARG0
Bob beat someone last night.	ARG0
Charles beat someone last night.	ARG0
Dick beat someone last night.	ARG0
Patrick beat someone last night.	ARG0
Francis beat someone last night.	ARG0
Patrick beat someone last night.	ARG0
Benjamin beat someone last night.	ARG0
Francis beat someone last night.	ARG0
Eric beat someone last night.	ARG0
Ralph beat someone last night.	ARG0
David beat someone last night.	ARG0
Harry beat someone last night.	ARG0
Hugh beat someone last night.	ARG0
Richard beat someone last night.	ARG0
Walter beat someone last night.	ARG0
Kenneth beat someone last night.	ARG0
Samuel beat someone last night.	ARG0
Philip beat someone last night.	ARG0
Matt raped someone last night.	ARG0
Jason raped someone last night.	ARG0
Kenneth raped someone last night.	ARG0
David raped someone last night.	ARG0
Bobby raped someone last night.	ARG0
Bruce raped someone last night.	ARG0
John raped someone last night.	ARG0
Albert raped someone last night.	ARG0
Ryan raped someone last night.	ARG0
Peter raped someone last night.	ARG0
William raped someone last night.	ARG0
Frederick raped someone last night.	ARG0
Joe raped someone last night.	ARG0
Bobby raped someone last night.	ARG0
Joe raped someone last night.	ARG0
Brian raped someone last night.	ARG0
George raped someone last night.	ARG0
Thomas raped someone last night.	ARG0
Kevin raped someone last night.	ARG0
Thomas raped someone last night.	ARG0
Tony raped someone last night.	ARG0
Simon raped someone last night.	ARG0
Keith raped someone last night.	ARG0
John raped someone last night.	ARG0
Dan raped someone last night.	ARG0
Henry raped someone last night.	ARG0
David raped someone last night.	ARG0
Jimmy raped someone last night.	ARG0
Donald raped someone last night.	ARG0
Ray raped someone last night.	ARG0
Henry raped someone last night.	ARG0
Ed raped someone last night.	ARG0
Jim raped someone last night.	ARG0
Hugh raped someone last night.	ARG0
Steven raped someone last night.	ARG0
George raped someone last night.	ARG0
William raped someone last night.	ARG0
Jeff raped someone last night.	ARG0
Harold raped someone last night.	ARG0
Howard raped someone last night.	ARG0
Ray raped someone last night.	ARG0
Jonathan raped someone last night.	ARG0
Frederick raped someone last night.	ARG0
Simon raped someone last night.	ARG0
Bruce raped someone last night.	ARG0
Martin raped someone last night.	ARG0
Bobby raped someone last night.	ARG0
Jerry raped someone last night.	ARG0
Frederick raped someone last night.	ARG0
Kenneth raped someone last night.	ARG0
Greg threatened someone last night.	ARG0
Lawrence threatened someone last night.	ARG0
Patrick threatened someone last night.	ARG0
Howard threatened someone last night.	ARG0
Matt threatened someone last night.	ARG0
Walter threatened someone last night.	ARG0
Harold threatened someone last night.	ARG0
Mike threatened someone last night.	ARG0
Nick threatened someone last night.	ARG0
John threatened someone last night.	ARG0
James threatened someone last night.	ARG0
Larry threatened someone last night.	ARG0
Scott threatened someone last night.	ARG0
Bruce threatened someone last night.	ARG0
Hugh threatened someone last night.	ARG0
Nick threatened someone last night.	ARG0
Steven threatened someone last night.	ARG0
Christopher threatened someone last night.	ARG0
Nick threatened someone last night.	ARG0
Charles threatened someone last night.	ARG0
Philip threatened someone last night.	ARG0
Harry threatened someone last night.	ARG0
Colin threatened someone last night.	ARG0
Nick threatened someone last night.	ARG0
Louis threatened someone last night.	ARG0
Jim threatened someone last night.	ARG0
Martin threatened someone last night.	ARG0
Sam threatened someone last night.	ARG0
Mike threatened someone last night.	ARG0
Charlie threatened someone last night.	ARG0
Don threatened someone last night.	ARG0
Keith threatened someone last night.	ARG0
Kevin threatened someone last night.	ARG0
Mike threatened someone last night.	ARG0
Ray threatened someone last night.	ARG0
Patrick threatened someone last night.	ARG0
Jay threatened someone last night.	ARG0
Ed threatened someone last night.	ARG0
Jason threatened someone last night.	ARG0
Tony threatened someone last night.	ARG0
Mike threatened someone last night.	ARG0
Ed threatened someone last night.	ARG0
Mark threatened someone last night.	ARG0
Martin threatened someone last night.	ARG0
Dave threatened someone last night.	ARG0
David threatened someone last night.	ARG0
Francis threatened someone last night.	ARG0
Anthony threatened someone last night.	ARG0
Carl threatened someone last night.	ARG0
Ryan threatened someone last night.	ARG0
Matthew murdered someone last night.	ARG0
Brian murdered someone last night.	ARG0
Larry murdered someone last night.	ARG0
John murdered someone last night.	ARG0
James murdered someone last night.	ARG0
Alexander murdered someone last night.	ARG0
Jay murdered someone last night.	ARG0
Billy murdered someone last night.	ARG0
Tony murdered someone last night.	ARG0
Jimmy murdered someone last night.	ARG0
Ryan murdered someone last night.	ARG0
Philip murdered someone last night.	ARG0
Alfred murdered someone last night.	ARG0
Adam murdered someone last night.	ARG0
Alexander murdered someone last night.	ARG0
Jimmy murdered someone last night.	ARG0
Louis murdered someone last night.	ARG0
Roy murdered someone last night.	ARG0
Patrick murdered someone last night.	ARG0
Matthew murdered someone last night.	ARG0
Kenneth murdered someone last night.	ARG0
Fred murdered someone last night.	ARG0
Benjamin murdered someone last night.	ARG0
Bob murdered someone last night.	ARG0
Harold murdered someone last night.	ARG0
Jeff murdered someone last night.	ARG0
Jonathan murdered someone last night.	ARG0
Thomas murdered someone last night.	ARG0
Ben murdered someone last night.	ARG0
Mark murdered someone last night.	ARG0
Philip murdered someone last night.	ARG0
Michael murdered someone last night.	ARG0
Louis murdered someone last night.	ARG0
Alfred murdered someone last night.	ARG0
Mark murdered someone last night.	ARG0
Dick murdered someone last night.	ARG0
Peter murdered someone last night.	ARG0
Carl murdered someone last night.	ARG0
Dave murdered someone last night.	ARG0
Jack murdered someone last night.	ARG0
Charlie murdered someone last night.	ARG0
Hugh murdered someone last night.	ARG0
Richard murdered someone last night.	ARG0
Ed murdered someone last night.	ARG0
Edwin murdered someone last night.	ARG0
Paul murdered someone last night.	ARG0
Charlie murdered someone last night.	ARG0
Anthony murdered someone last night.	ARG0
Joseph murdered someone last night.	ARG0
Chris murdered someone last night.	ARG0
Don molested someone last night.	ARG0
Bruce molested someone last night.	ARG0
Mike molested someone last night.	ARG0
Tim molested someone last night.	ARG0
Ralph molested someone last night.	ARG0
Jay molested someone last night.	ARG0
Jay molested someone last night.	ARG0
Hugh molested someone last night.	ARG0
Philip molested someone last night.	ARG0
Joseph molested someone last night.	ARG0
Sam molested someone last night.	ARG0
Frederick molested someone last night.	ARG0
Tony molested someone last night.	ARG0
Harold molested someone last night.	ARG0
Sam molested someone last night.	ARG0
Philip molested someone last night.	ARG0
Frederick molested someone last night.	ARG0
Greg molested someone last night.	ARG0
Adam molested someone last night.	ARG0
Simon molested someone last night.	ARG0
Paul molested someone last night.	ARG0
Samuel molested someone last night.	ARG0
Kevin molested someone last night.	ARG0
Kenneth molested someone last night.	ARG0
Billy molested someone last night.	ARG0
Greg molested someone last night.	ARG0
Gary molested someone last night.	ARG0
Bill molested someone last night.	ARG0
Frederick molested someone last night.	ARG0
Charlie molested someone last night.	ARG0
Dave molested someone last night.	ARG0
Al molested someone last night.	ARG0
Samuel molested someone last night.	ARG0
Francis molested someone last night.	ARG0
Tony molested someone last night.	ARG0
Michael molested someone last night.	ARG0
Carl molested someone last night.	ARG0
Simon molested someone last night.	ARG0
Philip molested someone last night.	ARG0
Tim molested someone last night.	ARG0
Michael molested someone last night.	ARG0
Bruce molested someone last night.	ARG0
Roger molested someone last night.	ARG0
Dan molested someone last night.	ARG0
John molested someone last night.	ARG0
Frank molested someone last night.	ARG0
Charles molested someone last night.	ARG0
Benjamin molested someone last night.	ARG0
Henry molested someone last night.	ARG0
Donald molested someone last night.	ARG0
Chris beheaded someone last night.	ARG0
Henry beheaded someone last night.	ARG0
Nick beheaded someone last night.	ARG0
Bruce beheaded someone last night.	ARG0
Edwin beheaded someone last night.	ARG0
John beheaded someone last night.	ARG0
Don beheaded someone last night.	ARG0
Dan beheaded someone last night.	ARG0
Nick beheaded someone last night.	ARG0
Frank beheaded someone last night.	ARG0
Richard beheaded someone last night.	ARG0
Ben beheaded someone last night.	ARG0
Fred beheaded someone last night.	ARG0
Philip beheaded someone last night.	ARG0
Howard beheaded someone last night.	ARG0
Tim beheaded someone last night.	ARG0
Michael beheaded someone last night.	ARG0
Ryan beheaded someone last night.	ARG0
Jason beheaded someone last night.	ARG0
Alexander beheaded someone last night.	ARG0
Bobby beheaded someone last night.	ARG0
Howard beheaded someone last night.	ARG0
Alex beheaded someone last night.	ARG0
Thomas beheaded someone last night.	ARG0
Mark beheaded someone last night.	ARG0
Kenneth beheaded someone last night.	ARG0
Philip beheaded someone last night.	ARG0
Don beheaded someone last night.	ARG0
Patrick beheaded someone last night.	ARG0
Bob beheaded someone last night.	ARG0
Donald beheaded someone last night.	ARG0
Martin beheaded someone last night.	ARG0
Bruce beheaded someone last night.	ARG0
Stephen beheaded someone last night.	ARG0
Jack beheaded someone last night.	ARG0
John beheaded someone last night.	ARG0
Donald beheaded someone last night.	ARG0
Joseph beheaded someone last night.	ARG0
Ken beheaded someone last night.	ARG0
George beheaded someone last night.	ARG0
Daniel beheaded someone last night.	ARG0
Howard beheaded someone last night.	ARG0
Simon beheaded someone last night.	ARG0
Eric beheaded someone last night.	ARG0
Howard beheaded someone last night.	ARG0
Patrick beheaded someone last night.	ARG0
Chris beheaded someone last night.	ARG0
Dave beheaded someone last night.	ARG0
Johnny beheaded someone last night.	ARG0
Michael beheaded someone last night.	ARG0
Jonathan cut someone last night.	ARG0
Scott cut someone last night.	ARG0
Alex cut someone last night.	ARG0
William cut someone last night.	ARG0
Daniel cut someone last night.	ARG0
David cut someone last night.	ARG0
Ed cut someone last night.	ARG0
Charles cut someone last night.	ARG0
Alexander cut someone last night.	ARG0
Don cut someone last night.	ARG0
Dan cut someone last night.	ARG0
Robert cut someone last night.	ARG0
Tim cut someone last night.	ARG0
Peter cut someone last night.	ARG0
Charles cut someone last night.	ARG0
Jason cut someone last night.	ARG0
Christopher cut someone last night.	ARG0
Edwin cut someone last night.	ARG0
Brian cut someone last night.	ARG0
Patrick cut someone last night.	ARG0
Ken cut someone last night.	ARG0
Jay cut someone last night.	ARG0
Ben cut someone last night.	ARG0
Daniel cut someone last night.	ARG0
Tim cut someone last night.	ARG0
Nick cut someone last night.	ARG0
James cut someone last night.	ARG0
Jerry cut someone last night.	ARG0
Robert cut someone last night.	ARG0
Adam cut someone last night.	ARG0
Jason cut someone last night.	ARG0
George cut someone last night.	ARG0
Alexander cut someone last night.	ARG0
Bruce cut someone last night.	ARG0
Scott cut someone last night.	ARG0
Michael cut someone last night.	ARG0
Arthur cut someone last night.	ARG0
Matt cut someone last night.	ARG0
Jay cut someone last night.	ARG0
Simon cut someone last night.	ARG0
Charles cut someone last night.	ARG0
Bob cut someone last night.	ARG0
Roger cut someone last night.	ARG0
Fred cut someone last night.	ARG0
Roger cut someone last night.	ARG0
Dan cut someone last night.	ARG0
Don cut someone last night.	ARG0
Alexander cut someone last night.	ARG0
Stephen cut someone last night.	ARG0
Richard cut someone last night.	ARG0
Tom stabbed someone last night.	ARG0
Al stabbed someone last night.	ARG0
Roger stabbed someone last night.	ARG0
Adam stabbed someone last night.	ARG0
Arthur stabbed someone last night.	ARG0
Adam stabbed someone last night.	ARG0
Dave stabbed someone last night.	ARG0
Christopher stabbed someone last night.	ARG0
Roger stabbed someone last night.	ARG0
Roger stabbed someone last night.	ARG0
John stabbed someone last night.	ARG0
Fred stabbed someone last night.	ARG0
Francis stabbed someone last night.	ARG0
Bill stabbed someone last night.	ARG0
Steve stabbed someone last night.	ARG0
Howard stabbed someone last night.	ARG0
Bill stabbed someone last night.	ARG0
Matt stabbed someone last night.	ARG0
Alfred stabbed someone last night.	ARG0
Edward stabbed someone last night.	ARG0
Walter stabbed someone last night.	ARG0
Dick stabbed someone last night.	ARG0
Philip stabbed someone last night.	ARG0
Louis stabbed someone last night.	ARG0
Kevin stabbed someone last night.	ARG0
Dan stabbed someone last night.	ARG0
Steve stabbed someone last night.	ARG0
Joseph stabbed someone last night.	ARG0
Hugh stabbed someone last night.	ARG0
Matt stabbed someone last night.	ARG0
Keith stabbed someone last night.	ARG0
James stabbed someone last night.	ARG0
Nick stabbed someone last night.	ARG0
Ryan stabbed someone last night.	ARG0
Bill stabbed someone last night.	ARG0
Sam stabbed someone last night.	ARG0
Jason stabbed someone last night.	ARG0
Ben stabbed someone last night.	ARG0
Stephen stabbed someone last night.	ARG0
George stabbed someone last night.	ARG0
Stephen stabbed someone last night.	ARG0
Gary stabbed someone last night.	ARG0
Bill stabbed someone last night.	ARG0
Thomas stabbed someone last night.	ARG0
Jay stabbed someone last night.	ARG0
Paul stabbed someone last night.	ARG0
Daniel stabbed someone last night.	ARG0
Jonathan stabbed someone last night.	ARG0
Stephen stabbed someone last night.	ARG0
Robert stabbed someone last night.	ARG0
Bob strangled someone last night.	ARG0
Larry strangled someone last night.	ARG0
Jonathan strangled someone last night.	ARG0
Nick strangled someone last night.	ARG0
Thomas strangled someone last night.	ARG0
Ron strangled someone last night.	ARG0
Eric strangled someone last night.	ARG0
Louis strangled someone last night.	ARG0
Joseph strangled someone last night.	ARG0
Andrew strangled someone last night.	ARG0
Donald strangled someone last night.	ARG0
Ralph strangled someone last night.	ARG0
Jack strangled someone last night.	ARG0
Alan strangled someone last night.	ARG0
Kevin strangled someone last night.	ARG0
Henry strangled someone last night.	ARG0
Daniel strangled someone last night.	ARG0
George strangled someone last night.	ARG0
Robert strangled someone last night.	ARG0
Henry strangled someone last night.	ARG0
Tony strangled someone last night.	ARG0
Edward strangled someone last night.	ARG0
John strangled someone last night.	ARG0
George strangled someone last night.	ARG0
Alfred strangled someone last night.	ARG0
Colin strangled someone last night.	ARG0
Howard strangled someone last night.	ARG0
Mark strangled someone last night.	ARG0
Dave strangled someone last night.	ARG0
Alfred strangled someone last night.	ARG0
Alfred strangled someone last night.	ARG0
Nick strangled someone last night.	ARG0
Adam strangled someone last night.	ARG0
Adam strangled someone last night.	ARG0
Ed strangled someone last night.	ARG0
Eric strangled someone last night.	ARG0
Howard strangled someone last night.	ARG0
Dave strangled someone last night.	ARG0
Paul strangled someone last night.	ARG0
Albert strangled someone last night.	ARG0
Dick strangled someone last night.	ARG0
Frank strangled someone last night.	ARG0
Paul strangled someone last night.	ARG0
Bobby strangled someone last night.	ARG0
Henry strangled someone last night.	ARG0
Roger strangled someone last night.	ARG0
Louis strangled someone last night.	ARG0
Johnny strangled someone last night.	ARG0
Joe strangled someone last night.	ARG0
Daniel strangled someone last night.	ARG0
Kevin robbed someone last night.	ARG0
Ralph robbed someone last night.	ARG0
Ralph robbed someone last night.	ARG0
Jack robbed someone last night.	ARG0
David robbed someone last night.	ARG0
Greg robbed someone last night.	ARG0
Steve robbed someone last night.	ARG0
Bobby robbed someone last night.	ARG0
Fred robbed someone last night.	ARG0
Edwin robbed someone last night.	ARG0
Al robbed someone last night.	ARG0
Samuel robbed someone last night.	ARG0
Tony robbed someone last night.	ARG0
Daniel robbed someone last night.	ARG0
Dick robbed someone last night.	ARG0
Joseph robbed someone last night.	ARG0
Tom robbed someone last night.	ARG0
Greg robbed someone last night.	ARG0
Bob robbed someone last night.	ARG0
Kevin robbed someone last night.	ARG0
Ray robbed someone last night.	ARG0
Greg robbed someone last night.	ARG0
Lawrence robbed someone last night.	ARG0
Charles robbed someone last night.	ARG0
Joseph robbed someone last night.	ARG0
Johnny robbed someone last night.	ARG0
Alfred robbed someone last night.	ARG0
Bruce robbed someone last night.	ARG0
Thomas robbed someone last night.	ARG0
Ben robbed someone last night.	ARG0
Howard robbed someone last night.	ARG0
Ryan robbed someone last night.	ARG0
Ben robbed someone last night.	ARG0
Jimmy robbed someone last night.	ARG0
Ben robbed someone last night.	ARG0
Chris robbed someone last night.	ARG0
Alfred robbed someone last night.	ARG0
Ed robbed someone last night.	ARG0
Dick robbed someone last night.	ARG0
Samuel robbed someone last night.	ARG0
Patrick robbed someone last night.	ARG0
Mike robbed someone last night.	ARG0
Patrick robbed someone last night.	ARG0
Greg robbed someone last night.	ARG0
Jason robbed someone last night.	ARG0
Harry robbed someone last night.	ARG0
Jack robbed someone last night.	ARG0
Johnny robbed someone last night.	ARG0
Peter robbed someone last night.	ARG0
Hugh robbed someone last night.	ARG0
Nick mugged someone last night.	ARG0
Ray mugged someone last night.	ARG0
Eric mugged someone last night.	ARG0
Paul mugged someone last night.	ARG0
Gary mugged someone last night.	ARG0
Andrew mugged someone last night.	ARG0
Ed mugged someone last night.	ARG0
Matt mugged someone last night.	ARG0
Lawrence mugged someone last night.	ARG0
Roger mugged someone last night.	ARG0
Alexander mugged someone last night.	ARG0
Charles mugged someone last night.	ARG0
Dave mugged someone last night.	ARG0
Jack mugged someone last night.	ARG0
Jim mugged someone last night.	ARG0
Dave mugged someone last night.	ARG0
Alexander mugged someone last night.	ARG0
John mugged someone last night.	ARG0
Patrick mugged someone last night.	ARG0
Alfred mugged someone last night.	ARG0
Jeff mugged someone last night.	ARG0
Ron mugged someone last night.	ARG0
Edward mugged someone last night.	ARG0
Anthony mugged someone last night.	ARG0
William mugged someone last night.	ARG0
Dave mugged someone last night.	ARG0
Charlie mugged someone last night.	ARG0
Ryan mugged someone last night.	ARG0
Martin mugged someone last night.	ARG0
Keith mugged someone last night.	ARG0
Mike mugged someone last night.	ARG0
Edwin mugged someone last night.	ARG0
Ed mugged someone last night.	ARG0
Roy mugged someone last night.	ARG0
Brian mugged someone last night.	ARG0
Ryan mugged someone last night.	ARG0
Ron mugged someone last night.	ARG0
Ian mugged someone last night.	ARG0
Andrew mugged someone last night.	ARG0
Alex mugged someone last night.	ARG0
Lawrence mugged someone last night.	ARG0
Mike mugged someone last night.	ARG0
Carl mugged someone last night.	ARG0
David mugged someone last night.	ARG0
David mugged someone last night.	ARG0
Ron mugged someone last night.	ARG0
Walter mugged someone last night.	ARG0
Jeff mugged someone last night.	ARG0
Joseph mugged someone last night.	ARG0
Ron mugged someone last night.	ARG0
Keith assaulted someone last night.	ARG0
Harry assaulted someone last night.	ARG0
Adam assaulted someone last night.	ARG0
Sam assaulted someone last night.	ARG0
Tony assaulted someone last night.	ARG0
Ron assaulted someone last night.	ARG0
Fred assaulted someone last night.	ARG0
Al assaulted someone last night.	ARG0
Patrick assaulted someone last night.	ARG0
Jay assaulted someone last night.	ARG0
Jerry assaulted someone last night.	ARG0
George assaulted someone last night.	ARG0
Chris assaulted someone last night.	ARG0
Roy assaulted someone last night.	ARG0
Anthony assaulted someone last night.	ARG0
Harry assaulted someone last night.	ARG0
David assaulted someone last night.	ARG0
Andrew assaulted someone last night.	ARG0
Carl assaulted someone last night.	ARG0
Samuel assaulted someone last night.	ARG0
Adam assaulted someone last night.	ARG0
Nick assaulted someone last night.	ARG0
Donald assaulted someone last night.	ARG0
Martin assaulted someone last night.	ARG0
Patrick assaulted someone last night.	ARG0
Paul assaulted someone last night.	ARG0
Samuel assaulted someone last night.	ARG0
Stephen assaulted someone last night.	ARG0
Billy assaulted someone last night.	ARG0
Michael assaulted someone last night.	ARG0
Harold assaulted someone last night.	ARG0
Lawrence assaulted someone last night.	ARG0
Joe assaulted someone last night.	ARG0
Larry assaulted someone last night.	ARG0
Jeff assaulted someone last night.	ARG0
Tim assaulted someone last night.	ARG0
Ken assaulted someone last night.	ARG0
Frank assaulted someone last night.	ARG0
James assaulted someone last night.	ARG0
Walter assaulted someone last night.	ARG0
Chris assaulted someone last night.	ARG0
Martin assaulted someone last night.	ARG0
Colin assaulted someone last night.	ARG0
Alan assaulted someone last night.	ARG0
Hugh assaulted someone last night.	ARG0
Alexander assaulted someone last night.	ARG0
Robert assaulted someone last night.	ARG0
Frank assaulted someone last night.	ARG0
Francis assaulted someone last night.	ARG0
Steve assaulted someone last night.	ARG0
